Week,Search_Interest,Series
01-01-2023,70,2gether
01-05-2022,63,2gether
01-06-2025,15,2gether
01-08-2021,23,2gether
01-09-2024,17,2gether
01-10-2023,28,2gether
01-11-2020,21,2gether
01-12-2024,8,2gether
02-01-2022,41,2gether
02-02-2025,17,2gether
02-03-2025,17,2gether
02-04-2023,60,2gether
02-05-2021,23,2gether
02-06-2024,25,2gether
02-07-2023,31,2gether
02-08-2020,55,2gether
02-10-2022,47,2gether
03-01-2021,13,2gether
03-03-2024,29,2gether
03-04-2022,59,2gether
03-07-2022,49,2gether
03-09-2023,28,2gether
03-10-2021,23,2gether
03-11-2024,18,2gether
03-12-2023,25,2gether
04-02-2024,19,2gether
04-04-2021,22,2gether
04-05-2025,21,2gether
04-06-2023,41,2gether
04-07-2021,17,2gether
04-08-2024,15,2gether
04-09-2022,38,2gether
04-10-2020,26,2gether
04-12-2022,46,2gether
05-01-2025,15,2gether
05-02-2023,57,2gether
05-03-2023,53,2gether
05-05-2024,28,2gether
05-06-2022,48,2gether
05-07-2020,33,2gether
05-09-2021,15,2gether
05-11-2023,24,2gether
05-12-2021,33,2gether
06-02-2022,66,2gether
06-03-2022,59,2gether
06-04-2025,25,2gether
06-06-2021,25,2gether
06-08-2023,42,2gether
06-09-2020,32,2gether
06-10-2024,16,2gether
06-11-2022,42,2gether
06-12-2020,26,2gether
07-01-2024,17,2gether
07-02-2021,23,2gether
07-03-2021,14,2gether
07-04-2024,32,2gether
07-05-2023,51,2gether
07-06-2020,29,2gether
07-07-2024,18,2gether
07-08-2022,45,2gether
07-11-2021,28,2gether
08-01-2023,69,2gether
08-05-2022,57,2gether
08-08-2021,19,2gether
08-09-2024,18,2gether
08-10-2023,27,2gether
08-11-2020,21,2gether
08-12-2024,10,2gether
09-01-2022,50,2gether
09-02-2025,13,2gether
09-03-2025,24,2gether
09-04-2023,60,2gether
09-05-2021,27,2gether
09-06-2024,20,2gether
09-07-2023,34,2gether
09-08-2020,59,2gether
09-10-2022,40,2gether
10-01-2021,20,2gether
10-03-2024,26,2gether
10-04-2022,69,2gether
10-07-2022,44,2gether
10-09-2023,24,2gether
10-10-2021,35,2gether
10-11-2024,13,2gether
10-12-2023,17,2gether
11-02-2024,21,2gether
11-04-2021,22,2gether
11-05-2025,16,2gether
11-06-2023,43,2gether
11-07-2021,15,2gether
11-08-2024,17,2gether
11-09-2022,40,2gether
11-10-2020,25,2gether
11-12-2022,37,2gether
12-01-2025,15,2gether
12-02-2023,56,2gether
12-03-2023,55,2gether
12-05-2024,25,2gether
12-06-2022,45,2gether
12-07-2020,33,2gether
12-09-2021,13,2gether
12-11-2023,32,2gether
12-12-2021,28,2gether
13-02-2022,96,2gether
13-03-2022,58,2gether
13-04-2025,21,2gether
13-06-2021,20,2gether
13-08-2023,46,2gether
13-09-2020,31,2gether
13-10-2024,19,2gether
13-11-2022,44,2gether
13-12-2020,25,2gether
14-01-2024,22,2gether
14-02-2021,16,2gether
14-03-2021,19,2gether
14-04-2024,30,2gether
14-05-2023,47,2gether
14-06-2020,33,2gether
14-07-2024,17,2gether
14-08-2022,44,2gether
14-11-2021,31,2gether
15-01-2023,77,2gether
15-05-2022,54,2gether
15-08-2021,19,2gether
15-09-2024,26,2gether
15-10-2023,23,2gether
15-11-2020,28,2gether
15-12-2024,10,2gether
16-01-2022,51,2gether
16-02-2025,12,2gether
16-03-2025,22,2gether
16-04-2023,51,2gether
16-05-2021,28,2gether
16-06-2024,21,2gether
16-07-2023,39,2gether
16-08-2020,40,2gether
16-10-2022,46,2gether
17-01-2021,23,2gether
17-03-2024,27,2gether
17-04-2022,67,2gether
17-07-2022,48,2gether
17-09-2023,28,2gether
17-10-2021,37,2gether
17-11-2024,20,2gether
17-12-2023,20,2gether
18-02-2024,20,2gether
18-04-2021,26,2gether
18-05-2025,16,2gether
18-06-2023,35,2gether
18-07-2021,21,2gether
18-08-2024,15,2gether
18-09-2022,33,2gether
18-10-2020,18,2gether
18-12-2022,71,2gether
19-01-2025,15,2gether
19-02-2023,53,2gether
19-03-2023,61,2gether
19-05-2024,29,2gether
19-06-2022,48,2gether
19-07-2020,32,2gether
19-09-2021,20,2gether
19-11-2023,29,2gether
19-12-2021,33,2gether
20-02-2022,100,2gether
20-03-2022,61,2gether
20-04-2025,19,2gether
20-06-2021,18,2gether
20-08-2023,32,2gether
20-09-2020,25,2gether
20-10-2024,12,2gether
20-11-2022,45,2gether
20-12-2020,17,2gether
21-01-2024,22,2gether
21-02-2021,14,2gether
21-03-2021,22,2gether
21-04-2024,81,2gether
21-05-2023,46,2gether
21-06-2020,31,2gether
21-07-2024,18,2gether
21-08-2022,47,2gether
21-11-2021,25,2gether
22-01-2023,63,2gether
22-05-2022,60,2gether
22-08-2021,20,2gether
22-09-2024,21,2gether
22-10-2023,23,2gether
22-11-2020,18,2gether
22-12-2024,19,2gether
23-01-2022,59,2gether
23-02-2025,17,2gether
23-03-2025,18,2gether
23-04-2023,51,2gether
23-05-2021,22,2gether
23-06-2024,19,2gether
23-07-2023,37,2gether
23-08-2020,40,2gether
23-10-2022,59,2gether
24-01-2021,22,2gether
24-03-2024,35,2gether
24-04-2022,67,2gether
24-07-2022,49,2gether
24-09-2023,29,2gether
24-10-2021,16,2gether
24-11-2024,15,2gether
24-12-2023,19,2gether
25-02-2024,26,2gether
25-04-2021,25,2gether
25-05-2025,19,2gether
25-06-2023,36,2gether
25-07-2021,31,2gether
25-08-2024,19,2gether
25-09-2022,37,2gether
25-10-2020,20,2gether
25-12-2022,74,2gether
26-01-2025,22,2gether
26-02-2023,52,2gether
26-03-2023,60,2gether
26-05-2024,29,2gether
26-06-2022,48,2gether
26-07-2020,46,2gether
26-09-2021,21,2gether
26-11-2023,26,2gether
26-12-2021,48,2gether
27-02-2022,77,2gether
27-03-2022,52,2gether
27-04-2025,13,2gether
27-06-2021,23,2gether
27-08-2023,28,2gether
27-09-2020,29,2gether
27-10-2024,16,2gether
27-11-2022,44,2gether
27-12-2020,19,2gether
28-01-2024,20,2gether
28-02-2021,20,2gether
28-03-2021,26,2gether
28-04-2024,30,2gether
28-05-2023,42,2gether
28-06-2020,29,2gether
28-07-2024,14,2gether
28-08-2022,43,2gether
28-11-2021,31,2gether
29-01-2023,63,2gether
29-05-2022,64,2gether
29-08-2021,19,2gether
29-09-2024,17,2gether
29-10-2023,25,2gether
29-11-2020,19,2gether
29-12-2024,18,2gether
30-01-2022,70,2gether
30-03-2025,21,2gether
30-04-2023,53,2gether
30-05-2021,27,2gether
30-06-2024,17,2gether
30-07-2023,36,2gether
30-08-2020,30,2gether
30-10-2022,41,2gether
31-01-2021,19,2gether
31-03-2024,28,2gether
31-05-2020,42,2gether
31-07-2022,54,2gether
31-10-2021,24,2gether
31-12-2023,20,2gether
01-01-2023,74,Cutie Pie
01-05-2022,10,Cutie Pie
01-06-2025,16,Cutie Pie
01-09-2024,21,Cutie Pie
01-10-2023,18,Cutie Pie
01-12-2024,14,Cutie Pie
02-02-2025,15,Cutie Pie
02-03-2025,15,Cutie Pie
02-04-2023,29,Cutie Pie
02-06-2024,14,Cutie Pie
02-07-2023,25,Cutie Pie
02-10-2022,16,Cutie Pie
03-03-2024,19,Cutie Pie
03-04-2022,0,Cutie Pie
03-07-2022,6,Cutie Pie
03-09-2023,18,Cutie Pie
03-11-2024,17,Cutie Pie
03-12-2023,15,Cutie Pie
04-02-2024,15,Cutie Pie
04-05-2025,17,Cutie Pie
04-06-2023,29,Cutie Pie
04-08-2024,15,Cutie Pie
04-09-2022,17,Cutie Pie
04-12-2022,31,Cutie Pie
05-01-2025,14,Cutie Pie
05-02-2023,45,Cutie Pie
05-03-2023,33,Cutie Pie
05-05-2024,18,Cutie Pie
05-06-2022,0,Cutie Pie
05-11-2023,17,Cutie Pie
06-02-2022,0,Cutie Pie
06-03-2022,0,Cutie Pie
06-04-2025,15,Cutie Pie
06-08-2023,19,Cutie Pie
06-10-2024,18,Cutie Pie
06-11-2022,24,Cutie Pie
07-01-2024,16,Cutie Pie
07-04-2024,26,Cutie Pie
07-05-2023,29,Cutie Pie
07-07-2024,17,Cutie Pie
07-08-2022,16,Cutie Pie
08-01-2023,100,Cutie Pie
08-05-2022,11,Cutie Pie
08-09-2024,21,Cutie Pie
08-10-2023,14,Cutie Pie
08-12-2024,13,Cutie Pie
09-02-2025,15,Cutie Pie
09-03-2025,16,Cutie Pie
09-04-2023,31,Cutie Pie
09-06-2024,16,Cutie Pie
09-07-2023,24,Cutie Pie
09-10-2022,15,Cutie Pie
10-03-2024,16,Cutie Pie
10-04-2022,0,Cutie Pie
10-07-2022,14,Cutie Pie
10-09-2023,16,Cutie Pie
10-11-2024,14,Cutie Pie
10-12-2023,19,Cutie Pie
11-02-2024,19,Cutie Pie
11-05-2025,16,Cutie Pie
11-06-2023,22,Cutie Pie
11-08-2024,19,Cutie Pie
11-09-2022,15,Cutie Pie
11-12-2022,37,Cutie Pie
12-01-2025,13,Cutie Pie
12-02-2023,47,Cutie Pie
12-03-2023,31,Cutie Pie
12-05-2024,16,Cutie Pie
12-06-2022,0,Cutie Pie
12-11-2023,19,Cutie Pie
13-02-2022,0,Cutie Pie
13-03-2022,0,Cutie Pie
13-04-2025,12,Cutie Pie
13-08-2023,19,Cutie Pie
13-10-2024,15,Cutie Pie
13-11-2022,39,Cutie Pie
14-01-2024,17,Cutie Pie
14-04-2024,19,Cutie Pie
14-05-2023,29,Cutie Pie
14-07-2024,16,Cutie Pie
14-08-2022,23,Cutie Pie
15-01-2023,70,Cutie Pie
15-05-2022,9,Cutie Pie
15-09-2024,15,Cutie Pie
15-10-2023,17,Cutie Pie
15-12-2024,14,Cutie Pie
16-02-2025,15,Cutie Pie
16-03-2025,15,Cutie Pie
16-04-2023,26,Cutie Pie
16-06-2024,17,Cutie Pie
16-07-2023,19,Cutie Pie
16-10-2022,18,Cutie Pie
17-03-2024,17,Cutie Pie
17-04-2022,4,Cutie Pie
17-07-2022,16,Cutie Pie
17-09-2023,16,Cutie Pie
17-11-2024,13,Cutie Pie
17-12-2023,15,Cutie Pie
18-02-2024,19,Cutie Pie
18-05-2025,13,Cutie Pie
18-06-2023,28,Cutie Pie
18-08-2024,17,Cutie Pie
18-09-2022,14,Cutie Pie
18-12-2022,34,Cutie Pie
19-01-2025,14,Cutie Pie
19-02-2023,38,Cutie Pie
19-03-2023,30,Cutie Pie
19-05-2024,21,Cutie Pie
19-06-2022,3,Cutie Pie
19-11-2023,16,Cutie Pie
20-02-2022,0,Cutie Pie
20-03-2022,0,Cutie Pie
20-04-2025,12,Cutie Pie
20-08-2023,20,Cutie Pie
20-10-2024,14,Cutie Pie
20-11-2022,29,Cutie Pie
21-01-2024,17,Cutie Pie
21-04-2024,19,Cutie Pie
21-05-2023,26,Cutie Pie
21-07-2024,17,Cutie Pie
21-08-2022,19,Cutie Pie
22-01-2023,89,Cutie Pie
22-05-2022,0,Cutie Pie
22-09-2024,18,Cutie Pie
22-10-2023,18,Cutie Pie
22-12-2024,20,Cutie Pie
23-02-2025,18,Cutie Pie
23-03-2025,15,Cutie Pie
23-04-2023,28,Cutie Pie
23-06-2024,13,Cutie Pie
23-07-2023,22,Cutie Pie
23-10-2022,20,Cutie Pie
24-03-2024,19,Cutie Pie
24-04-2022,10,Cutie Pie
24-07-2022,18,Cutie Pie
24-09-2023,16,Cutie Pie
24-11-2024,14,Cutie Pie
24-12-2023,22,Cutie Pie
25-02-2024,17,Cutie Pie
25-05-2025,15,Cutie Pie
25-06-2023,28,Cutie Pie
25-08-2024,18,Cutie Pie
25-09-2022,18,Cutie Pie
25-12-2022,49,Cutie Pie
26-01-2025,14,Cutie Pie
26-02-2023,39,Cutie Pie
26-03-2023,26,Cutie Pie
26-05-2024,19,Cutie Pie
26-06-2022,2,Cutie Pie
26-11-2023,16,Cutie Pie
27-02-2022,0,Cutie Pie
27-03-2022,0,Cutie Pie
27-04-2025,15,Cutie Pie
27-08-2023,22,Cutie Pie
27-10-2024,21,Cutie Pie
27-11-2022,28,Cutie Pie
28-01-2024,20,Cutie Pie
28-04-2024,20,Cutie Pie
28-05-2023,27,Cutie Pie
28-07-2024,16,Cutie Pie
28-08-2022,15,Cutie Pie
29-01-2023,62,Cutie Pie
29-05-2022,0,Cutie Pie
29-09-2024,19,Cutie Pie
29-10-2023,16,Cutie Pie
29-12-2024,15,Cutie Pie
30-01-2022,0,Cutie Pie
30-03-2025,15,Cutie Pie
30-04-2023,30,Cutie Pie
30-06-2024,16,Cutie Pie
30-07-2023,20,Cutie Pie
30-10-2022,18,Cutie Pie
31-03-2024,14,Cutie Pie
31-07-2022,16,Cutie Pie
31-12-2023,18,Cutie Pie
,,Cutie Pie
,,Cutie Pie
,,Cutie Pie
,,Cutie Pie
,,Cutie Pie
,,Cutie Pie
,,Cutie Pie
,,Cutie Pie
,,Cutie Pie
,,Cutie Pie
,,Cutie Pie
,,Cutie Pie
,,Cutie Pie
,,Cutie Pie
,,Cutie Pie
,,Cutie Pie
,,Cutie Pie
,,Cutie Pie
,,Cutie Pie
,,Cutie Pie
,,Cutie Pie
,,Cutie Pie
,,Cutie Pie
,,Cutie Pie
,,Cutie Pie
,,Cutie Pie
,,Cutie Pie
,,Cutie Pie
,,Cutie Pie
,,Cutie Pie
,,Cutie Pie
,,Cutie Pie
,,Cutie Pie
,,Cutie Pie
,,Cutie Pie
,,Cutie Pie
,,Cutie Pie
,,Cutie Pie
,,Cutie Pie
,,Cutie Pie
,,Cutie Pie
,,Cutie Pie
,,Cutie Pie
,,Cutie Pie
,,Cutie Pie
,,Cutie Pie
,,Cutie Pie
,,Cutie Pie
,,Cutie Pie
,,Cutie Pie
,,Cutie Pie
,,Cutie Pie
,,Cutie Pie
,,Cutie Pie
,,Cutie Pie
,,Cutie Pie
,,Cutie Pie
,,Cutie Pie
,,Cutie Pie
,,Cutie Pie
,,Cutie Pie
,,Cutie Pie
,,Cutie Pie
,,Cutie Pie
,,Cutie Pie
,,Cutie Pie
,,Cutie Pie
,,Cutie Pie
,,Cutie Pie
,,Cutie Pie
,,Cutie Pie
,,Cutie Pie
,,Cutie Pie
,,Cutie Pie
,,Cutie Pie
,,Cutie Pie
,,Cutie Pie
,,Cutie Pie
,,Cutie Pie
,,Cutie Pie
,,Cutie Pie
,,Cutie Pie
,,Cutie Pie
,,Cutie Pie
,,Cutie Pie
,,Cutie Pie
,,Cutie Pie
01-06-2025,63,Only Friends
01-09-2024,42,Only Friends
01-10-2023,0,Only Friends
01-12-2024,41,Only Friends
02-02-2025,61,Only Friends
02-03-2025,44,Only Friends
02-04-2023,0,Only Friends
02-06-2024,50,Only Friends
02-07-2023,0,Only Friends
03-03-2024,50,Only Friends
03-09-2023,0,Only Friends
03-11-2024,42,Only Friends
03-12-2023,59,Only Friends
04-02-2024,51,Only Friends
04-05-2025,34,Only Friends
04-06-2023,0,Only Friends
04-08-2024,28,Only Friends
05-01-2025,38,Only Friends
05-02-2023,0,Only Friends
05-03-2023,0,Only Friends
05-05-2024,44,Only Friends
05-11-2023,0,Only Friends
06-04-2025,52,Only Friends
06-08-2023,0,Only Friends
06-10-2024,35,Only Friends
07-01-2024,72,Only Friends
07-04-2024,39,Only Friends
07-05-2023,0,Only Friends
07-07-2024,51,Only Friends
08-09-2024,43,Only Friends
08-10-2023,0,Only Friends
08-12-2024,43,Only Friends
09-02-2025,45,Only Friends
09-03-2025,29,Only Friends
09-04-2023,0,Only Friends
09-06-2024,47,Only Friends
09-07-2023,0,Only Friends
10-03-2024,31,Only Friends
10-09-2023,0,Only Friends
10-11-2024,36,Only Friends
10-12-2023,54,Only Friends
11-02-2024,37,Only Friends
11-05-2025,82,Only Friends
11-06-2023,0,Only Friends
11-08-2024,52,Only Friends
12-01-2025,47,Only Friends
12-02-2023,0,Only Friends
12-03-2023,0,Only Friends
12-05-2024,62,Only Friends
12-11-2023,0,Only Friends
13-04-2025,46,Only Friends
13-08-2023,0,Only Friends
13-10-2024,65,Only Friends
14-01-2024,70,Only Friends
14-04-2024,50,Only Friends
14-05-2023,0,Only Friends
14-07-2024,40,Only Friends
15-09-2024,58,Only Friends
15-10-2023,0,Only Friends
15-12-2024,25,Only Friends
16-02-2025,35,Only Friends
16-03-2025,76,Only Friends
16-04-2023,0,Only Friends
16-06-2024,51,Only Friends
16-07-2023,0,Only Friends
17-03-2024,29,Only Friends
17-09-2023,0,Only Friends
17-11-2024,32,Only Friends
17-12-2023,58,Only Friends
18-02-2024,32,Only Friends
18-05-2025,48,Only Friends
18-06-2023,0,Only Friends
18-08-2024,42,Only Friends
19-01-2025,57,Only Friends
19-02-2023,0,Only Friends
19-03-2023,0,Only Friends
19-05-2024,35,Only Friends
19-11-2023,30,Only Friends
20-04-2025,33,Only Friends
20-08-2023,0,Only Friends
20-10-2024,38,Only Friends
21-01-2024,61,Only Friends
21-04-2024,56,Only Friends
21-05-2023,0,Only Friends
21-07-2024,52,Only Friends
22-09-2024,49,Only Friends
22-10-2023,0,Only Friends
22-12-2024,52,Only Friends
23-02-2025,39,Only Friends
23-03-2025,51,Only Friends
23-04-2023,0,Only Friends
23-06-2024,58,Only Friends
23-07-2023,18,Only Friends
24-03-2024,38,Only Friends
24-09-2023,0,Only Friends
24-11-2024,48,Only Friends
24-12-2023,69,Only Friends
25-02-2024,55,Only Friends
25-05-2025,78,Only Friends
25-06-2023,0,Only Friends
25-08-2024,59,Only Friends
26-01-2025,33,Only Friends
26-02-2023,0,Only Friends
26-03-2023,0,Only Friends
26-05-2024,48,Only Friends
26-11-2023,100,Only Friends
27-04-2025,49,Only Friends
27-08-2023,0,Only Friends
27-10-2024,43,Only Friends
28-01-2024,35,Only Friends
28-04-2024,53,Only Friends
28-05-2023,0,Only Friends
28-07-2024,42,Only Friends
29-09-2024,43,Only Friends
29-10-2023,0,Only Friends
29-12-2024,53,Only Friends
30-03-2025,59,Only Friends
30-04-2023,0,Only Friends
30-06-2024,36,Only Friends
30-07-2023,0,Only Friends
31-03-2024,30,Only Friends
31-12-2023,78,Only Friends
,,Only Friends
,,Only Friends
,,Only Friends
,,Only Friends
,,Only Friends
,,Only Friends
,,Only Friends
,,Only Friends
,,Only Friends
,,Only Friends
,,Only Friends
,,Only Friends
,,Only Friends
,,Only Friends
,,Only Friends
,,Only Friends
,,Only Friends
,,Only Friends
,,Only Friends
,,Only Friends
,,Only Friends
,,Only Friends
,,Only Friends
,,Only Friends
,,Only Friends
,,Only Friends
,,Only Friends
,,Only Friends
,,Only Friends
,,Only Friends
,,Only Friends
,,Only Friends
,,Only Friends
,,Only Friends
,,Only Friends
,,Only Friends
,,Only Friends
,,Only Friends
,,Only Friends
,,Only Friends
,,Only Friends
,,Only Friends
,,Only Friends
,,Only Friends
,,Only Friends
,,Only Friends
,,Only Friends
,,Only Friends
,,Only Friends
,,Only Friends
,,Only Friends
,,Only Friends
,,Only Friends
,,Only Friends
,,Only Friends
,,Only Friends
,,Only Friends
,,Only Friends
,,Only Friends
,,Only Friends
,,Only Friends
,,Only Friends
,,Only Friends
,,Only Friends
,,Only Friends
,,Only Friends
,,Only Friends
,,Only Friends
,,Only Friends
,,Only Friends
,,Only Friends
,,Only Friends
,,Only Friends
,,Only Friends
,,Only Friends
,,Only Friends
,,Only Friends
,,Only Friends
,,Only Friends
,,Only Friends
,,Only Friends
,,Only Friends
,,Only Friends
,,Only Friends
,,Only Friends
,,Only Friends
,,Only Friends
,,Only Friends
,,Only Friends
,,Only Friends
,,Only Friends
,,Only Friends
,,Only Friends
,,Only Friends
,,Only Friends
,,Only Friends
,,Only Friends
,,Only Friends
,,Only Friends
,,Only Friends
,,Only Friends
,,Only Friends
,,Only Friends
,,Only Friends
,,Only Friends
,,Only Friends
,,Only Friends
,,Only Friends
,,Only Friends
,,Only Friends
,,Only Friends
,,Only Friends
,,Only Friends
,,Only Friends
,,Only Friends
,,Only Friends
,,Only Friends
,,Only Friends
,,Only Friends
,,Only Friends
,,Only Friends
,,Only Friends
,,Only Friends
,,Only Friends
,,Only Friends
,,Only Friends
,,Only Friends
,,Only Friends
,,Only Friends
,,Only Friends
,,Only Friends
,,Only Friends
,,Only Friends
,,Only Friends
,,Only Friends
,,Only Friends
,,Only Friends
,,Only Friends
,,Only Friends
,,Only Friends
01-01-2023,58,TharnType
01-05-2022,63,TharnType
01-06-2025,8,TharnType
01-08-2021,53,TharnType
01-09-2024,13,TharnType
01-10-2023,30,TharnType
01-11-2020,58,TharnType
01-12-2024,10,TharnType
02-01-2022,57,TharnType
02-02-2025,8,TharnType
02-03-2025,14,TharnType
02-04-2023,40,TharnType
02-05-2021,61,TharnType
02-06-2024,12,TharnType
02-07-2023,45,TharnType
02-08-2020,23,TharnType
02-10-2022,71,TharnType
03-01-2021,67,TharnType
03-03-2024,30,TharnType
03-04-2022,65,TharnType
03-07-2022,56,TharnType
03-09-2023,36,TharnType
03-10-2021,49,TharnType
03-11-2024,13,TharnType
03-12-2023,29,TharnType
04-02-2024,30,TharnType
04-04-2021,56,TharnType
04-05-2025,11,TharnType
04-06-2023,43,TharnType
04-07-2021,58,TharnType
04-08-2024,11,TharnType
04-09-2022,68,TharnType
04-10-2020,19,TharnType
04-12-2022,55,TharnType
05-01-2025,11,TharnType
05-02-2023,62,TharnType
05-03-2023,56,TharnType
05-05-2024,20,TharnType
05-06-2022,74,TharnType
05-07-2020,24,TharnType
05-09-2021,49,TharnType
05-11-2023,27,TharnType
05-12-2021,40,TharnType
06-02-2022,45,TharnType
06-03-2022,45,TharnType
06-04-2025,13,TharnType
06-06-2021,68,TharnType
06-08-2023,37,TharnType
06-09-2020,29,TharnType
06-10-2024,9,TharnType
06-11-2022,63,TharnType
06-12-2020,54,TharnType
07-01-2024,29,TharnType
07-02-2021,85,TharnType
07-03-2021,48,TharnType
07-04-2024,28,TharnType
07-05-2023,46,TharnType
07-06-2020,27,TharnType
07-07-2024,19,TharnType
07-08-2022,78,TharnType
07-11-2021,58,TharnType
08-01-2023,58,TharnType
08-05-2022,67,TharnType
08-08-2021,50,TharnType
08-09-2024,15,TharnType
08-10-2023,32,TharnType
08-11-2020,75,TharnType
08-12-2024,13,TharnType
09-01-2022,39,TharnType
09-02-2025,10,TharnType
09-03-2025,11,TharnType
09-04-2023,51,TharnType
09-05-2021,68,TharnType
09-06-2024,17,TharnType
09-07-2023,35,TharnType
09-08-2020,32,TharnType
09-10-2022,57,TharnType
10-01-2021,78,TharnType
10-03-2024,27,TharnType
10-04-2022,66,TharnType
10-07-2022,52,TharnType
10-09-2023,34,TharnType
10-10-2021,47,TharnType
10-11-2024,14,TharnType
10-12-2023,29,TharnType
11-02-2024,42,TharnType
11-04-2021,53,TharnType
11-05-2025,7,TharnType
11-06-2023,51,TharnType
11-07-2021,48,TharnType
11-08-2024,11,TharnType
11-09-2022,65,TharnType
11-10-2020,23,TharnType
11-12-2022,62,TharnType
12-01-2025,15,TharnType
12-02-2023,66,TharnType
12-03-2023,41,TharnType
12-05-2024,19,TharnType
12-06-2022,63,TharnType
12-07-2020,26,TharnType
12-09-2021,43,TharnType
12-11-2023,28,TharnType
12-12-2021,37,TharnType
13-02-2022,35,TharnType
13-03-2022,55,TharnType
13-04-2025,9,TharnType
13-06-2021,53,TharnType
13-08-2023,34,TharnType
13-09-2020,20,TharnType
13-10-2024,10,TharnType
13-11-2022,54,TharnType
13-12-2020,59,TharnType
14-01-2024,23,TharnType
14-02-2021,76,TharnType
14-03-2021,45,TharnType
14-04-2024,37,TharnType
14-05-2023,44,TharnType
14-06-2020,32,TharnType
14-07-2024,19,TharnType
14-08-2022,67,TharnType
14-11-2021,50,TharnType
15-01-2023,60,TharnType
15-05-2022,77,TharnType
15-08-2021,57,TharnType
15-09-2024,14,TharnType
15-10-2023,32,TharnType
15-11-2020,61,TharnType
15-12-2024,9,TharnType
16-01-2022,47,TharnType
16-02-2025,5,TharnType
16-03-2025,11,TharnType
16-04-2023,50,TharnType
16-05-2021,69,TharnType
16-06-2024,16,TharnType
16-07-2023,36,TharnType
16-08-2020,26,TharnType
16-10-2022,66,TharnType
17-01-2021,100,TharnType
17-03-2024,30,TharnType
17-04-2022,73,TharnType
17-07-2022,59,TharnType
17-09-2023,43,TharnType
17-10-2021,60,TharnType
17-11-2024,14,TharnType
17-12-2023,31,TharnType
18-02-2024,35,TharnType
18-04-2021,57,TharnType
18-05-2025,8,TharnType
18-06-2023,47,TharnType
18-07-2021,52,TharnType
18-08-2024,14,TharnType
18-09-2022,68,TharnType
18-10-2020,21,TharnType
18-12-2022,59,TharnType
19-01-2025,10,TharnType
19-02-2023,61,TharnType
19-03-2023,46,TharnType
19-05-2024,18,TharnType
19-06-2022,57,TharnType
19-07-2020,29,TharnType
19-09-2021,47,TharnType
19-11-2023,34,TharnType
19-12-2021,41,TharnType
20-02-2022,48,TharnType
20-03-2022,51,TharnType
20-04-2025,9,TharnType
20-06-2021,52,TharnType
20-08-2023,42,TharnType
20-09-2020,20,TharnType
20-10-2024,13,TharnType
20-11-2022,45,TharnType
20-12-2020,58,TharnType
21-01-2024,29,TharnType
21-02-2021,58,TharnType
21-03-2021,48,TharnType
21-04-2024,30,TharnType
21-05-2023,43,TharnType
21-06-2020,35,TharnType
21-07-2024,19,TharnType
21-08-2022,71,TharnType
21-11-2021,60,TharnType
22-01-2023,66,TharnType
22-05-2022,62,TharnType
22-08-2021,49,TharnType
22-09-2024,10,TharnType
22-10-2023,34,TharnType
22-11-2020,58,TharnType
22-12-2024,9,TharnType
23-01-2022,55,TharnType
23-02-2025,13,TharnType
23-03-2025,11,TharnType
23-04-2023,40,TharnType
23-05-2021,60,TharnType
23-06-2024,12,TharnType
23-07-2023,38,TharnType
23-08-2020,25,TharnType
23-10-2022,67,TharnType
24-01-2021,100,TharnType
24-03-2024,31,TharnType
24-04-2022,65,TharnType
24-07-2022,66,TharnType
24-09-2023,36,TharnType
24-10-2021,53,TharnType
24-11-2024,8,TharnType
24-12-2023,30,TharnType
25-02-2024,33,TharnType
25-04-2021,62,TharnType
25-05-2025,10,TharnType
25-06-2023,42,TharnType
25-07-2021,50,TharnType
25-08-2024,12,TharnType
25-09-2022,65,TharnType
25-10-2020,22,TharnType
25-12-2022,72,TharnType
26-01-2025,9,TharnType
26-02-2023,50,TharnType
26-03-2023,42,TharnType
26-05-2024,20,TharnType
26-06-2022,58,TharnType
26-07-2020,26,TharnType
26-09-2021,40,TharnType
26-11-2023,36,TharnType
26-12-2021,59,TharnType
27-02-2022,48,TharnType
27-03-2022,55,TharnType
27-04-2025,13,TharnType
27-06-2021,64,TharnType
27-08-2023,35,TharnType
27-09-2020,25,TharnType
27-10-2024,16,TharnType
27-11-2022,49,TharnType
27-12-2020,72,TharnType
28-01-2024,32,TharnType
28-02-2021,50,TharnType
28-03-2021,60,TharnType
28-04-2024,24,TharnType
28-05-2023,48,TharnType
28-06-2020,38,TharnType
28-07-2024,18,TharnType
28-08-2022,69,TharnType
28-11-2021,51,TharnType
29-01-2023,55,TharnType
29-05-2022,72,TharnType
29-08-2021,56,TharnType
29-09-2024,11,TharnType
29-10-2023,37,TharnType
29-11-2020,57,TharnType
29-12-2024,10,TharnType
30-01-2022,51,TharnType
30-03-2025,10,TharnType
30-04-2023,45,TharnType
30-05-2021,69,TharnType
30-06-2024,14,TharnType
30-07-2023,41,TharnType
30-08-2020,21,TharnType
30-10-2022,60,TharnType
31-01-2021,77,TharnType
31-03-2024,26,TharnType
31-05-2020,31,TharnType
31-07-2022,70,TharnType
31-10-2021,63,TharnType
31-12-2023,33,TharnType
01-01-2023,7,The Eclipse
01-05-2022,0,The Eclipse
01-06-2025,1,The Eclipse
01-09-2024,0,The Eclipse
01-10-2023,4,The Eclipse
01-12-2024,0,The Eclipse
02-01-2022,0,The Eclipse
02-02-2025,0,The Eclipse
02-03-2025,0,The Eclipse
02-04-2023,4,The Eclipse
02-06-2024,2,The Eclipse
02-07-2023,3,The Eclipse
02-10-2022,0,The Eclipse
03-03-2024,0,The Eclipse
03-04-2022,0,The Eclipse
03-07-2022,0,The Eclipse
03-09-2023,4,The Eclipse
03-11-2024,0,The Eclipse
03-12-2023,2,The Eclipse
04-02-2024,0,The Eclipse
04-05-2025,0,The Eclipse
04-06-2023,4,The Eclipse
04-08-2024,0,The Eclipse
04-09-2022,0,The Eclipse
04-12-2022,7,The Eclipse
05-01-2025,0,The Eclipse
05-02-2023,6,The Eclipse
05-03-2023,7,The Eclipse
05-05-2024,3,The Eclipse
05-06-2022,0,The Eclipse
05-11-2023,0,The Eclipse
06-02-2022,0,The Eclipse
06-03-2022,0,The Eclipse
06-04-2025,0,The Eclipse
06-08-2023,3,The Eclipse
06-10-2024,0,The Eclipse
06-11-2022,11,The Eclipse
07-01-2024,0,The Eclipse
07-04-2024,3,The Eclipse
07-05-2023,5,The Eclipse
07-07-2024,0,The Eclipse
07-08-2022,0,The Eclipse
08-01-2023,6,The Eclipse
08-05-2022,0,The Eclipse
08-09-2024,2,The Eclipse
08-10-2023,4,The Eclipse
08-12-2024,0,The Eclipse
09-01-2022,0,The Eclipse
09-02-2025,0,The Eclipse
09-03-2025,0,The Eclipse
09-04-2023,4,The Eclipse
09-06-2024,3,The Eclipse
09-07-2023,2,The Eclipse
09-10-2022,0,The Eclipse
10-03-2024,3,The Eclipse
10-04-2022,0,The Eclipse
10-07-2022,0,The Eclipse
10-09-2023,3,The Eclipse
10-11-2024,0,The Eclipse
10-12-2023,0,The Eclipse
11-02-2024,0,The Eclipse
11-05-2025,0,The Eclipse
11-06-2023,4,The Eclipse
11-08-2024,0,The Eclipse
11-09-2022,0,The Eclipse
11-12-2022,7,The Eclipse
12-01-2025,0,The Eclipse
12-02-2023,6,The Eclipse
12-03-2023,6,The Eclipse
12-05-2024,2,The Eclipse
12-06-2022,0,The Eclipse
12-11-2023,2,The Eclipse
13-02-2022,0,The Eclipse
13-03-2022,0,The Eclipse
13-04-2025,0,The Eclipse
13-08-2023,4,The Eclipse
13-10-2024,3,The Eclipse
13-11-2022,10,The Eclipse
14-01-2024,3,The Eclipse
14-04-2024,3,The Eclipse
14-05-2023,5,The Eclipse
14-07-2024,0,The Eclipse
14-08-2022,0,The Eclipse
15-01-2023,7,The Eclipse
15-05-2022,0,The Eclipse
15-09-2024,0,The Eclipse
15-10-2023,4,The Eclipse
15-12-2024,0,The Eclipse
16-01-2022,0,The Eclipse
16-02-2025,0,The Eclipse
16-03-2025,0,The Eclipse
16-04-2023,5,The Eclipse
16-06-2024,3,The Eclipse
16-07-2023,2,The Eclipse
16-10-2022,24,The Eclipse
17-03-2024,0,The Eclipse
17-04-2022,0,The Eclipse
17-07-2022,0,The Eclipse
17-09-2023,4,The Eclipse
17-11-2024,0,The Eclipse
17-12-2023,0,The Eclipse
18-02-2024,0,The Eclipse
18-05-2025,1,The Eclipse
18-06-2023,3,The Eclipse
18-08-2024,0,The Eclipse
18-09-2022,0,The Eclipse
18-12-2022,7,The Eclipse
19-01-2025,0,The Eclipse
19-02-2023,5,The Eclipse
19-03-2023,5,The Eclipse
19-05-2024,0,The Eclipse
19-06-2022,0,The Eclipse
19-11-2023,3,The Eclipse
20-02-2022,0,The Eclipse
20-03-2022,0,The Eclipse
20-04-2025,0,The Eclipse
20-08-2023,5,The Eclipse
20-10-2024,0,The Eclipse
20-11-2022,7,The Eclipse
21-01-2024,0,The Eclipse
21-04-2024,2,The Eclipse
21-05-2023,3,The Eclipse
21-07-2024,0,The Eclipse
21-08-2022,0,The Eclipse
22-01-2023,7,The Eclipse
22-05-2022,0,The Eclipse
22-09-2024,3,The Eclipse
22-10-2023,4,The Eclipse
22-12-2024,0,The Eclipse
23-01-2022,0,The Eclipse
23-02-2025,2,The Eclipse
23-03-2025,0,The Eclipse
23-04-2023,4,The Eclipse
23-06-2024,2,The Eclipse
23-07-2023,4,The Eclipse
23-10-2022,100,The Eclipse
24-03-2024,3,The Eclipse
24-04-2022,0,The Eclipse
24-07-2022,0,The Eclipse
24-09-2023,4,The Eclipse
24-11-2024,0,The Eclipse
24-12-2023,2,The Eclipse
25-02-2024,0,The Eclipse
25-05-2025,1,The Eclipse
25-06-2023,4,The Eclipse
25-08-2024,0,The Eclipse
25-09-2022,0,The Eclipse
25-12-2022,8,The Eclipse
26-01-2025,0,The Eclipse
26-02-2023,7,The Eclipse
26-03-2023,4,The Eclipse
26-05-2024,0,The Eclipse
26-06-2022,0,The Eclipse
26-11-2023,0,The Eclipse
27-02-2022,0,The Eclipse
27-03-2022,0,The Eclipse
27-04-2025,0,The Eclipse
27-08-2023,3,The Eclipse
27-10-2024,0,The Eclipse
27-11-2022,7,The Eclipse
28-01-2024,0,The Eclipse
28-04-2024,4,The Eclipse
28-05-2023,3,The Eclipse
28-07-2024,0,The Eclipse
28-08-2022,0,The Eclipse
29-01-2023,6,The Eclipse
29-05-2022,0,The Eclipse
29-09-2024,0,The Eclipse
29-10-2023,2,The Eclipse
29-12-2024,0,The Eclipse
30-01-2022,0,The Eclipse
30-03-2025,0,The Eclipse
30-04-2023,6,The Eclipse
30-06-2024,2,The Eclipse
30-07-2023,5,The Eclipse
30-10-2022,18,The Eclipse
31-03-2024,3,The Eclipse
31-07-2022,0,The Eclipse
31-12-2023,3,The Eclipse
,,The Eclipse
,,The Eclipse
,,The Eclipse
,,The Eclipse
,,The Eclipse
,,The Eclipse
,,The Eclipse
,,The Eclipse
,,The Eclipse
,,The Eclipse
,,The Eclipse
,,The Eclipse
,,The Eclipse
,,The Eclipse
,,The Eclipse
,,The Eclipse
,,The Eclipse
,,The Eclipse
,,The Eclipse
,,The Eclipse
,,The Eclipse
,,The Eclipse
,,The Eclipse
,,The Eclipse
,,The Eclipse
,,The Eclipse
,,The Eclipse
,,The Eclipse
,,The Eclipse
,,The Eclipse
,,The Eclipse
,,The Eclipse
,,The Eclipse
,,The Eclipse
,,The Eclipse
,,The Eclipse
,,The Eclipse
,,The Eclipse
,,The Eclipse
,,The Eclipse
,,The Eclipse
,,The Eclipse
,,The Eclipse
,,The Eclipse
,,The Eclipse
,,The Eclipse
,,The Eclipse
,,The Eclipse
,,The Eclipse
,,The Eclipse
,,The Eclipse
,,The Eclipse
,,The Eclipse
,,The Eclipse
,,The Eclipse
,,The Eclipse
,,The Eclipse
,,The Eclipse
,,The Eclipse
,,The Eclipse
,,The Eclipse
,,The Eclipse
,,The Eclipse
,,The Eclipse
,,The Eclipse
,,The Eclipse
,,The Eclipse
,,The Eclipse
,,The Eclipse
,,The Eclipse
,,The Eclipse
,,The Eclipse
,,The Eclipse
,,The Eclipse
,,The Eclipse
,,The Eclipse
,,The Eclipse
,,The Eclipse
,,The Eclipse
,,The Eclipse
,,The Eclipse
,,The Eclipse
,,The Eclipse
01-06-2025,21,The Heart Killers
01-09-2024,0,The Heart Killers
01-12-2024,68,The Heart Killers
02-02-2025,54,The Heart Killers
02-03-2025,17,The Heart Killers
02-06-2024,0,The Heart Killers
03-11-2024,0,The Heart Killers
04-05-2025,18,The Heart Killers
04-08-2024,0,The Heart Killers
05-01-2025,77,The Heart Killers
06-04-2025,22,The Heart Killers
06-10-2024,0,The Heart Killers
07-07-2024,0,The Heart Killers
08-09-2024,0,The Heart Killers
08-12-2024,69,The Heart Killers
09-02-2025,73,The Heart Killers
09-03-2025,16,The Heart Killers
09-06-2024,0,The Heart Killers
10-11-2024,0,The Heart Killers
11-05-2025,26,The Heart Killers
11-08-2024,0,The Heart Killers
12-01-2025,73,The Heart Killers
13-04-2025,24,The Heart Killers
13-10-2024,0,The Heart Killers
14-07-2024,0,The Heart Killers
15-09-2024,0,The Heart Killers
15-12-2024,74,The Heart Killers
16-02-2025,34,The Heart Killers
16-03-2025,14,The Heart Killers
16-06-2024,0,The Heart Killers
17-11-2024,25,The Heart Killers
18-05-2025,26,The Heart Killers
18-08-2024,0,The Heart Killers
19-01-2025,62,The Heart Killers
20-04-2025,17,The Heart Killers
20-10-2024,0,The Heart Killers
21-07-2024,0,The Heart Killers
22-09-2024,0,The Heart Killers
22-12-2024,77,The Heart Killers
23-02-2025,21,The Heart Killers
23-03-2025,14,The Heart Killers
23-06-2024,0,The Heart Killers
24-11-2024,47,The Heart Killers
25-05-2025,25,The Heart Killers
25-08-2024,0,The Heart Killers
26-01-2025,55,The Heart Killers
27-04-2025,23,The Heart Killers
27-10-2024,0,The Heart Killers
28-07-2024,0,The Heart Killers
29-09-2024,0,The Heart Killers
29-12-2024,100,The Heart Killers
30-03-2025,19,The Heart Killers
30-06-2024,0,The Heart Killers
,,The Heart Killers
,,The Heart Killers
,,The Heart Killers
,,The Heart Killers
,,The Heart Killers
,,The Heart Killers
,,The Heart Killers
,,The Heart Killers
,,The Heart Killers
,,The Heart Killers
,,The Heart Killers
,,The Heart Killers
,,The Heart Killers
,,The Heart Killers
,,The Heart Killers
,,The Heart Killers
,,The Heart Killers
,,The Heart Killers
,,The Heart Killers
,,The Heart Killers
,,The Heart Killers
,,The Heart Killers
,,The Heart Killers
,,The Heart Killers
,,The Heart Killers
,,The Heart Killers
,,The Heart Killers
,,The Heart Killers
,,The Heart Killers
,,The Heart Killers
,,The Heart Killers
,,The Heart Killers
,,The Heart Killers
,,The Heart Killers
,,The Heart Killers
,,The Heart Killers
,,The Heart Killers
,,The Heart Killers
,,The Heart Killers
,,The Heart Killers
,,The Heart Killers
,,The Heart Killers
,,The Heart Killers
,,The Heart Killers
,,The Heart Killers
,,The Heart Killers
,,The Heart Killers
,,The Heart Killers
,,The Heart Killers
,,The Heart Killers
,,The Heart Killers
,,The Heart Killers
,,The Heart Killers
,,The Heart Killers
,,The Heart Killers
,,The Heart Killers
,,The Heart Killers
,,The Heart Killers
,,The Heart Killers
,,The Heart Killers
,,The Heart Killers
,,The Heart Killers
,,The Heart Killers
,,The Heart Killers
,,The Heart Killers
,,The Heart Killers
,,The Heart Killers
,,The Heart Killers
,,The Heart Killers
,,The Heart Killers
,,The Heart Killers
,,The Heart Killers
,,The Heart Killers
,,The Heart Killers
,,The Heart Killers
,,The Heart Killers
,,The Heart Killers
,,The Heart Killers
,,The Heart Killers
,,The Heart Killers
,,The Heart Killers
,,The Heart Killers
,,The Heart Killers
,,The Heart Killers
,,The Heart Killers
,,The Heart Killers
,,The Heart Killers
,,The Heart Killers
,,The Heart Killers
,,The Heart Killers
,,The Heart Killers
,,The Heart Killers
,,The Heart Killers
,,The Heart Killers
,,The Heart Killers
,,The Heart Killers
,,The Heart Killers
,,The Heart Killers
,,The Heart Killers
,,The Heart Killers
,,The Heart Killers
,,The Heart Killers
,,The Heart Killers
,,The Heart Killers
,,The Heart Killers
,,The Heart Killers
,,The Heart Killers
,,The Heart Killers
,,The Heart Killers
,,The Heart Killers
,,The Heart Killers
,,The Heart Killers
,,The Heart Killers
,,The Heart Killers
,,The Heart Killers
,,The Heart Killers
,,The Heart Killers
,,The Heart Killers
,,The Heart Killers
,,The Heart Killers
,,The Heart Killers
,,The Heart Killers
,,The Heart Killers
,,The Heart Killers
,,The Heart Killers
,,The Heart Killers
,,The Heart Killers
,,The Heart Killers
,,The Heart Killers
,,The Heart Killers
,,The Heart Killers
,,The Heart Killers
,,The Heart Killers
,,The Heart Killers
,,The Heart Killers
,,The Heart Killers
,,The Heart Killers
,,The Heart Killers
,,The Heart Killers
,,The Heart Killers
,,The Heart Killers
,,The Heart Killers
,,The Heart Killers
,,The Heart Killers
,,The Heart Killers
,,The Heart Killers
,,The Heart Killers
,,The Heart Killers
,,The Heart Killers
,,The Heart Killers
,,The Heart Killers
,,The Heart Killers
,,The Heart Killers
,,The Heart Killers
,,The Heart Killers
,,The Heart Killers
,,The Heart Killers
,,The Heart Killers
,,The Heart Killers
,,The Heart Killers
,,The Heart Killers
,,The Heart Killers
,,The Heart Killers
,,The Heart Killers
,,The Heart Killers
,,The Heart Killers
,,The Heart Killers
,,The Heart Killers
,,The Heart Killers
,,The Heart Killers
,,The Heart Killers
,,The Heart Killers
,,The Heart Killers
,,The Heart Killers
,,The Heart Killers
,,The Heart Killers
,,The Heart Killers
,,The Heart Killers
,,The Heart Killers
,,The Heart Killers
,,The Heart Killers
,,The Heart Killers
,,The Heart Killers
,,The Heart Killers
,,The Heart Killers
,,The Heart Killers
,,The Heart Killers
,,The Heart Killers
,,The Heart Killers
,,The Heart Killers
,,The Heart Killers
,,The Heart Killers
,,The Heart Killers
,,The Heart Killers
,,The Heart Killers
,,The Heart Killers
,,The Heart Killers
,,The Heart Killers
,,The Heart Killers
,,The Heart Killers
,,The Heart Killers
,,The Heart Killers
,,The Heart Killers
,,The Heart Killers
,,The Heart Killers
,,The Heart Killers
,,The Heart Killers
,,The Heart Killers
,,The Heart Killers
01-01-2023,22,kinnporsche
01-05-2022,84,kinnporsche
01-06-2025,4,kinnporsche
01-09-2024,5,kinnporsche
01-10-2023,7,kinnporsche
01-12-2024,3,kinnporsche
02-02-2025,3,kinnporsche
02-03-2025,4,kinnporsche
02-04-2023,18,kinnporsche
02-06-2024,6,kinnporsche
02-07-2023,11,kinnporsche
02-10-2022,20,kinnporsche
03-03-2024,7,kinnporsche
03-04-2022,38,kinnporsche
03-07-2022,79,kinnporsche
03-09-2023,8,kinnporsche
03-11-2024,4,kinnporsche
03-12-2023,5,kinnporsche
04-02-2024,7,kinnporsche
04-05-2025,4,kinnporsche
04-06-2023,12,kinnporsche
04-08-2024,4,kinnporsche
04-09-2022,19,kinnporsche
04-12-2022,20,kinnporsche
05-01-2025,4,kinnporsche
05-02-2023,15,kinnporsche
05-03-2023,14,kinnporsche
05-05-2024,7,kinnporsche
05-06-2022,81,kinnporsche
05-11-2023,5,kinnporsche
06-03-2022,6,kinnporsche
06-04-2025,4,kinnporsche
06-08-2023,8,kinnporsche
06-10-2024,4,kinnporsche
06-11-2022,18,kinnporsche
07-01-2024,6,kinnporsche
07-04-2024,7,kinnporsche
07-05-2023,14,kinnporsche
07-07-2024,5,kinnporsche
07-08-2022,22,kinnporsche
08-01-2023,18,kinnporsche
08-05-2022,83,kinnporsche
08-09-2024,5,kinnporsche
08-10-2023,6,kinnporsche
08-12-2024,3,kinnporsche
09-02-2025,3,kinnporsche
09-03-2025,4,kinnporsche
09-04-2023,17,kinnporsche
09-06-2024,6,kinnporsche
09-07-2023,11,kinnporsche
09-10-2022,14,kinnporsche
10-03-2024,8,kinnporsche
10-04-2022,44,kinnporsche
10-07-2022,73,kinnporsche
10-09-2023,7,kinnporsche
10-11-2024,3,kinnporsche
10-12-2023,5,kinnporsche
11-02-2024,6,kinnporsche
11-05-2025,5,kinnporsche
11-06-2023,12,kinnporsche
11-08-2024,5,kinnporsche
11-09-2022,17,kinnporsche
11-12-2022,17,kinnporsche
12-01-2025,4,kinnporsche
12-02-2023,14,kinnporsche
12-03-2023,13,kinnporsche
12-05-2024,6,kinnporsche
12-06-2022,77,kinnporsche
12-11-2023,7,kinnporsche
13-02-2022,1,kinnporsche
13-03-2022,5,kinnporsche
13-04-2025,5,kinnporsche
13-08-2023,10,kinnporsche
13-10-2024,5,kinnporsche
13-11-2022,18,kinnporsche
14-01-2024,6,kinnporsche
14-04-2024,8,kinnporsche
14-05-2023,13,kinnporsche
14-07-2024,6,kinnporsche
14-08-2022,26,kinnporsche
15-01-2023,21,kinnporsche
15-05-2022,84,kinnporsche
15-09-2024,5,kinnporsche
15-10-2023,5,kinnporsche
15-12-2024,3,kinnporsche
16-02-2025,4,kinnporsche
16-03-2025,4,kinnporsche
16-04-2023,14,kinnporsche
16-06-2024,7,kinnporsche
16-07-2023,10,kinnporsche
16-10-2022,13,kinnporsche
17-03-2024,7,kinnporsche
17-04-2022,53,kinnporsche
17-07-2022,34,kinnporsche
17-09-2023,7,kinnporsche
17-11-2024,3,kinnporsche
17-12-2023,5,kinnporsche
18-02-2024,7,kinnporsche
18-05-2025,4,kinnporsche
18-06-2023,11,kinnporsche
18-08-2024,5,kinnporsche
18-09-2022,17,kinnporsche
18-12-2022,21,kinnporsche
19-01-2025,3,kinnporsche
19-02-2023,15,kinnporsche
19-03-2023,15,kinnporsche
19-05-2024,6,kinnporsche
19-06-2022,85,kinnporsche
19-11-2023,5,kinnporsche
20-02-2022,1,kinnporsche
20-03-2022,4,kinnporsche
20-04-2025,4,kinnporsche
20-08-2023,9,kinnporsche
20-10-2024,4,kinnporsche
20-11-2022,16,kinnporsche
21-01-2024,6,kinnporsche
21-04-2024,6,kinnporsche
21-05-2023,14,kinnporsche
21-07-2024,5,kinnporsche
21-08-2022,20,kinnporsche
22-01-2023,22,kinnporsche
22-05-2022,100,kinnporsche
22-09-2024,4,kinnporsche
22-10-2023,7,kinnporsche
22-12-2024,4,kinnporsche
23-02-2025,3,kinnporsche
23-03-2025,3,kinnporsche
23-04-2023,15,kinnporsche
23-06-2024,5,kinnporsche
23-07-2023,9,kinnporsche
23-10-2022,21,kinnporsche
24-03-2024,8,kinnporsche
24-04-2022,61,kinnporsche
24-07-2022,35,kinnporsche
24-09-2023,6,kinnporsche
24-11-2024,3,kinnporsche
24-12-2023,7,kinnporsche
25-02-2024,7,kinnporsche
25-05-2025,4,kinnporsche
25-06-2023,12,kinnporsche
25-08-2024,5,kinnporsche
25-09-2022,18,kinnporsche
25-12-2022,26,kinnporsche
26-01-2025,3,kinnporsche
26-02-2023,15,kinnporsche
26-03-2023,17,kinnporsche
26-05-2024,6,kinnporsche
26-06-2022,78,kinnporsche
26-11-2023,6,kinnporsche
27-02-2022,4,kinnporsche
27-03-2022,11,kinnporsche
27-04-2025,4,kinnporsche
27-08-2023,8,kinnporsche
27-10-2024,3,kinnporsche
27-11-2022,21,kinnporsche
28-01-2024,7,kinnporsche
28-04-2024,7,kinnporsche
28-05-2023,13,kinnporsche
28-07-2024,6,kinnporsche
28-08-2022,19,kinnporsche
29-01-2023,19,kinnporsche
29-05-2022,82,kinnporsche
29-09-2024,4,kinnporsche
29-10-2023,5,kinnporsche
29-12-2024,4,kinnporsche
30-03-2025,4,kinnporsche
30-04-2023,14,kinnporsche
30-06-2024,5,kinnporsche
30-07-2023,8,kinnporsche
30-10-2022,19,kinnporsche
31-03-2024,7,kinnporsche
31-07-2022,29,kinnporsche
31-12-2023,5,kinnporsche
,,kinnporsche
,,kinnporsche
,,kinnporsche
,,kinnporsche
,,kinnporsche
,,kinnporsche
,,kinnporsche
,,kinnporsche
,,kinnporsche
,,kinnporsche
,,kinnporsche
,,kinnporsche
,,kinnporsche
,,kinnporsche
,,kinnporsche
,,kinnporsche
,,kinnporsche
,,kinnporsche
,,kinnporsche
,,kinnporsche
,,kinnporsche
,,kinnporsche
,,kinnporsche
,,kinnporsche
,,kinnporsche
,,kinnporsche
,,kinnporsche
,,kinnporsche
,,kinnporsche
,,kinnporsche
,,kinnporsche
,,kinnporsche
,,kinnporsche
,,kinnporsche
,,kinnporsche
,,kinnporsche
,,kinnporsche
,,kinnporsche
,,kinnporsche
,,kinnporsche
,,kinnporsche
,,kinnporsche
,,kinnporsche
,,kinnporsche
,,kinnporsche
,,kinnporsche
,,kinnporsche
,,kinnporsche
,,kinnporsche
,,kinnporsche
,,kinnporsche
,,kinnporsche
,,kinnporsche
,,kinnporsche
,,kinnporsche
,,kinnporsche
,,kinnporsche
,,kinnporsche
,,kinnporsche
,,kinnporsche
,,kinnporsche
,,kinnporsche
,,kinnporsche
,,kinnporsche
,,kinnporsche
,,kinnporsche
,,kinnporsche
,,kinnporsche
,,kinnporsche
,,kinnporsche
,,kinnporsche
,,kinnporsche
,,kinnporsche
,,kinnporsche
,,kinnporsche
,,kinnporsche
,,kinnporsche
,,kinnporsche
,,kinnporsche
,,kinnporsche
,,kinnporsche
,,kinnporsche
,,kinnporsche
,,kinnporsche
,,kinnporsche
,,kinnporsche
,,kinnporsche
,,kinnporsche
,,kinnporsche
